{
    "camera_intrinsics": {
        "fx": 886.81005859375,
        "fy": 886.81005859375,
        "cx": 512.0,
        "cy": 512.0
    },
    "camera_extrinsics": {
        "position": [
            -0.8943648338317871,
            0.3947242200374603,
            0.5228307247161865
        ],
        "rotation": [
            -0.04434777796268463,
            0.9490540623664856,
            -0.23743769526481629,
            -0.2023685872554779
        ]
    },
    "depth_range": {
        "min_meters": 0.7006188631057739,
        "max_meters": 2.938356876373291
    }
}